xã hội,107988
thế giới,78925
thể thao,69875
kinh doanh,53261
văn hóa,43199
nhịp sống trẻ,40813
pháp luật,38785
sức khỏe,30409
giáo dục,28048
cần biết,25922
thời sự,24749
bạn đọc làm báo,22581
nhịp sống số,17914
tuyển sinh,13173
du lịch,12447
phóng sự,10072
nhà đất,9349
yêu,8922
điện ảnh,8262
tài chính,7544
âm nhạc,6822
tuôi trẻ cuôi tuần,6142
khoa học,6078
bình luận,5970
giải trí,5936
muôn màu,3989
tv show,3698
phản hồi,3446
công nghệ,2911
xe,2823
phòng mạch,2401
ăn gì,2286
doanh nghiệp,2222
thủ thuật,1935
biết để khỏe,1917
học đường,1851
thư giãn,1709
thời trang,1605
kiều bào,1462
văn hóa - giải trí,1343
smarthome,1290
giả - thật,1172
đời sống,843
đi chơi,761
mách bạn,760
đường dây nóng,705
mẹ & bé,699
vấn đề - sự kiện,696
câu chuyện giáo dục,601
tư vấn,600
hồ sơ,549
thời sự quốc tế,536
chuyên đề,535
phóng sự - hồ sơ,499
cơ hội du lịch,437
bạn đọc,414
mua sắm,414
thị trường 247,410
cuộc sống muôn màu,401
tin tức,393
sáng tác - truyện ngắn,383
nhật ký thành phố,352
câu chuyện cuộc sống,341
địa ốc,337
lá thư bác sĩ - sức khỏe,322
tạp bút,298
chuyện pháp đình,293
xu hướng,293
nhịp cầu,287
giới tính,277
media,253
đầu tư,248
sản phẩm,238
bút bi,222
học hành,173
bóng đá,162
mekong xanh,156
thị trường,155
cửa sổ khoa học,154
cộng đồng,153
trải nghiệm,117
tiêu điểm,111
phát minh,107
chia sẻ,103
sách,99
góc học tập,86
bài giải – đáp án,79
phóng sự - phóng sự ảnh,69
thế giới không phẳng,65
dinh dưỡng,62
nghe gì hôm nay,59
world cup trong mắt tôi,54
sea games 30,53
du học,49
phiếm đàm,49
hậu trường,47
dự án,40
các môn khác,36
đọc sách cùng bạn,36
nhân vật,30
theo chân phóng viên,25
trợ lý hlv park hang seo,24
bình dương,23
thường thức,22
tiểu phẩm,22
thể thao vui,17
gia đình số,16
pháp lý,15
điểm nóng,15
phòng bệnh,15
bên lề,13
khám điều trị,13
theo gương bác,11
việc làm,9
video,9
chân dung 32 đội,8
sàn diễn,6
quê hương,6
giới trẻ,3
smart city,2
chuyện mekong,2
môi trường,2
làm đẹp,2
kết nối,2
tầm nhìn,2
khám phá,2
chuyện thành phố,1
cuộc thi viết,1
